{
  "id": "1a932ad8-ecec-4bb1-a970-b57d5195dec4",
  "generation": 4,
  "iteration": 34,
  "current_iteration": 180,
  "metrics": {
    "rel_depth": 0.38461538461538464,
    "rel_cnot": 0.5714285714285714,
    "rel_overhead": 2.0,
    "combined_score": 0.5060616171727284
  },
  "language": "python",
  "timestamp": 1766686520.5392509,
  "saved_at": 1766697632.3690355
}