{
  "id": "68e90dc6-da45-4527-97d6-93bacab6cd0c",
  "generation": 2,
  "iteration": 15,
  "current_iteration": 30,
  "metrics": {
    "rel_depth": 0.5172413793103449,
    "rel_cnot": 0.5,
    "rel_overhead": 2.0,
    "combined_score": 0.49085985104942453
  },
  "language": "python",
  "timestamp": 1766684974.8350155,
  "saved_at": 1766686180.4380322
}