{
  "id": "20de9b7c-08e4-4f4a-9bd7-9a28f363030a",
  "generation": 2,
  "iteration": 8,
  "current_iteration": 10,
  "metrics": {
    "rel_depth": 0.7301587301587301,
    "rel_cnot": 0.6136363636363636,
    "rel_overhead": 2.0,
    "combined_score": 0.42304851322560755
  },
  "language": "python",
  "timestamp": 1766684471.9991903,
  "saved_at": 1766684603.695859
}