{
  "id": "1a932ad8-ecec-4bb1-a970-b57d5195dec4",
  "generation": 4,
  "iteration": 34,
  "timestamp": 1766686520.5392509,
  "parent_id": "901f2ff2-c4c5-47ca-ab25-3fe82b6c03c0",
  "metrics": {
    "rel_depth": 0.38461538461538464,
    "rel_cnot": 0.5714285714285714,
    "rel_overhead": 2.0,
    "combined_score": 0.5060616171727284
  },
  "language": "python",
  "saved_at": 1766699267.916381
}